Code,Name,Account,Object Code,General,Special Revenue,Debt Service,Capital Projects,Permanent ,Enterprise  ,Internal Service,Custodial,Pension,Trust,Private Purpose,Component Units
100029,Hillsborough,511.00 - Legislative,10 - Personnel Services,2750829,,,,,,,,,,,
100029,Hillsborough,511.00 - Legislative,30 - Operating Expenditures/Expenses,563552,,,,,,,,,,,
100029,Hillsborough,512.00 - Executive,10 - Personnel Services,1848954,,,,,,,,,,,
100029,Hillsborough,512.00 - Executive,30 - Operating Expenditures/Expenses,569636,212,,,,,,,,,,
100029,Hillsborough,513.00 - Financial And Administrative,10 - Personnel Services,57530852,2194536,,,,,6256299,,,,,
100029,Hillsborough,513.00 - Financial And Administrative,30 - Operating Expenditures/Expenses,15492199,5226952,352,,,,,,,,,
100029,Hillsborough,513.00 - Financial And Administrative,60 - Capital Outlay,2799493,1706611,,,,,,,,,,
100029,Hillsborough,513.00 - Financial And Administrative,80 - Grants And Aids,,54318893,,,,,,,,,,
100029,Hillsborough,513.00 - Financial And Administrative,90 - Other Uses,843520,,,,,,,,,,,
100029,Hillsborough,514.00 - Legal Counsel,10 - Personnel Services,7246064,,,,,,,,,,,
100029,Hillsborough,514.00 - Legal Counsel,30 - Operating Expenditures/Expenses,237767,678,,,,,,,,,,
100029,Hillsborough,514.00 - Legal Counsel,60 - Capital Outlay,1698,,,,,,,,,,,
100029,Hillsborough,515.00 - Comprehensive Planning,10 - Personnel Services,4411510,2600009,,,,,,,,,,3773076
100029,Hillsborough,515.00 - Comprehensive Planning,30 - Operating Expenditures/Expenses,1769843,2103662,,,,,,,,,,448388
100029,Hillsborough,515.00 - Comprehensive Planning,60 - Capital Outlay,,12318,,,,,,,,,,41233
100029,Hillsborough,515.00 - Comprehensive Planning,80 - Grants And Aids,,26,,,,,,,,,,
100029,Hillsborough,516.00 - Non-Court Information Systems,10 - Personnel Services,10124232,,,,,,,,,,,
100029,Hillsborough,516.00 - Non-Court Information Systems,30 - Operating Expenditures/Expenses,6774892,1541536,,,,,,,,,,
100029,Hillsborough,516.00 - Non-Court Information Systems,60 - Capital Outlay,1318122,1963883,,,,,,,,,,
100029,Hillsborough,517.00 - Debt Service Payments,30 - Operating Expenditures/Expenses,,333,3153,,,,,,,,,
100029,Hillsborough,517.00 - Debt Service Payments,70 - Debt Service,,6583462,54627446,,,,,,,,,
100029,Hillsborough,519.00 - Other General Governmental Services,10 - Personnel Services,18559317,2767045,,,,,,,,,,
100029,Hillsborough,519.00 - Other General Governmental Services,30 - Operating Expenditures/Expenses,13158770,3754642,,2881144,,,145832659,,,,,16167
100029,Hillsborough,519.00 - Other General Governmental Services,60 - Capital Outlay,369588,3791,,3751878,,,,,,,,
100029,Hillsborough,519.00 - Other General Governmental Services,80 - Grants And Aids,669226,44115378,,,,,,,,,,
100029,Hillsborough,519.00 - Other General Governmental Services,90 - Other Uses,3944849,,6031,,,,,,,,,
100029,Hillsborough,521.00 - Law Enforcement,10 - Personnel Services,172414943,11158645,,,,,,,,,,
100029,Hillsborough,521.00 - Law Enforcement,30 - Operating Expenditures/Expenses,22300466,3031506,,,,,,,,,,
100029,Hillsborough,521.00 - Law Enforcement,60 - Capital Outlay,11090500,526980,,,,,,,,,,
100029,Hillsborough,521.00 - Law Enforcement,80 - Grants And Aids,,268075,,,,,,,,,,
100029,Hillsborough,522.00 - Fire Control,10 - Personnel Services,79279184,124968,,,,,,,,,,
100029,Hillsborough,522.00 - Fire Control,30 - Operating Expenditures/Expenses,22048750,428314,,2563,,,,,,,,
100029,Hillsborough,522.00 - Fire Control,60 - Capital Outlay,,1808532,,2876662,,,,,,,,
100029,Hillsborough,522.00 - Fire Control,80 - Grants And Aids,28608,3592,,,,,,,,,,
100029,Hillsborough,523.00 - Detention And/Or Correction,10 - Personnel Services,93720619,2070155,,,,,,,,,,
100029,Hillsborough,523.00 - Detention And/Or Correction,30 - Operating Expenditures/Expenses,35424627,132337,,,,,,,,,,
100029,Hillsborough,523.00 - Detention And/Or Correction,60 - Capital Outlay,2119062,333830,,16568,,,,,,,,
100029,Hillsborough,523.00 - Detention And/Or Correction,80 - Grants And Aids,20877,2107017,,,,,,,,,,
100029,Hillsborough,524.00 - Protective Inspections,10 - Personnel Services,3918760,7129327,,,,,,,,,,
100029,Hillsborough,524.00 - Protective Inspections,30 - Operating Expenditures/Expenses,2219325,3400825,,,,,,,,,,
100029,Hillsborough,524.00 - Protective Inspections,60 - Capital Outlay,122670,218201,,,,,,,,,,
100029,Hillsborough,524.00 - Protective Inspections,80 - Grants And Aids,478471,,,,,,,,,,,
100029,Hillsborough,525.00 - Emergency And Disaster Relief Services,10 - Personnel Services,544782,654203,,,,,,,,,,
100029,Hillsborough,525.00 - Emergency And Disaster Relief Services,30 - Operating Expenditures/Expenses,611043,132880,,,,,,,,,,
100029,Hillsborough,525.00 - Emergency And Disaster Relief Services,60 - Capital Outlay,,42193,,5775,,,,,,,,
100029,Hillsborough,525.00 - Emergency And Disaster Relief Services,80 - Grants And Aids,,85573,,,,,,,,,,
100029,Hillsborough,526.00 - Ambulance And Rescue Services,10 - Personnel Services,16946215,,,,,,,,,,,
100029,Hillsborough,526.00 - Ambulance And Rescue Services,30 - Operating Expenditures/Expenses,2530692,-112,,,,,,,,,,
100029,Hillsborough,527.00 - Medical Examiners,10 - Personnel Services,3262171,,,,,,,,,,,
100029,Hillsborough,527.00 - Medical Examiners,30 - Operating Expenditures/Expenses,1324868,,,,,,,,,,,
100029,Hillsborough,527.00 - Medical Examiners,60 - Capital Outlay,59344,,,,,,,,,,,
100029,Hillsborough,528.00 - Consumer Affairs,10 - Personnel Services,675008,,,,,,,,,,,
100029,Hillsborough,528.00 - Consumer Affairs,30 - Operating Expenditures/Expenses,40381,,,,,,,,,,,
100029,Hillsborough,529.00 - Other Public Safety,10 - Personnel Services,1827705,1534387,,,,,,,,,,
100029,Hillsborough,529.00 - Other Public Safety,30 - Operating Expenditures/Expenses,827728,3882014,,279,,,,,,,,
100029,Hillsborough,529.00 - Other Public Safety,60 - Capital Outlay,,79067,,173524,,,,,,,,
100029,Hillsborough,529.00 - Other Public Safety,80 - Grants And Aids,103475,2930716,,,,,,,,,,
100029,Hillsborough,534.00 - Garbage/Solid Waste Control Services,10 - Personnel Services,,,,,,9102000,,,,,,
100029,Hillsborough,534.00 - Garbage/Solid Waste Control Services,30 - Operating Expenditures/Expenses,478,-91,,,,81856000,,,,,,
100029,Hillsborough,534.00 - Garbage/Solid Waste Control Services,70 - Debt Service,,,,,,6966000,,,,,,
100029,Hillsborough,535.00 - Sewer/Wastewater Services,30 - Operating Expenditures/Expenses,750,,,,,,,,,,,
100029,Hillsborough,536.00 - Water/Sewer Combination Services,10 - Personnel Services,-552,,,,,46536000,,,,,,
100029,Hillsborough,536.00 - Water/Sewer Combination Services,30 - Operating Expenditures/Expenses,105432,5475,,,,151940000,,,,,,
100029,Hillsborough,536.00 - Water/Sewer Combination Services,70 - Debt Service,,,,,,3566000,,,,,,
100029,Hillsborough,537.00 - Conservation And Resource Management,10 - Personnel Services,9845496,4414498,,,,,,,,,,
100029,Hillsborough,537.00 - Conservation And Resource Management,30 - Operating Expenditures/Expenses,1640015,1777704,,834999,,,,,,,,
100029,Hillsborough,537.00 - Conservation And Resource Management,60 - Capital Outlay,132413,354528,,4026014,,,,,,,,
100029,Hillsborough,537.00 - Conservation And Resource Management,80 - Grants And Aids,83974,109742,,,,,,,,,,
100029,Hillsborough,538.00 - Flood Control/Stormwater Management,10 - Personnel Services,4679616,254874,,,,,,,,,,
100029,Hillsborough,538.00 - Flood Control/Stormwater Management,30 - Operating Expenditures/Expenses,3186611,1766512,,,,,,,,,,
100029,Hillsborough,538.00 - Flood Control/Stormwater Management,60 - Capital Outlay,,5799473,,,,,,,,,,
100029,Hillsborough,539.00 - Other Physical Environment,10 - Personnel Services,-1116,,,,,,,,,,,
100029,Hillsborough,539.00 - Other Physical Environment,30 - Operating Expenditures/Expenses,36362,82702,,,,,,,,,,
100029,Hillsborough,539.00 - Other Physical Environment,80 - Grants And Aids,,150000,,,,,,,,,,
100029,Hillsborough,541.00 - Road And Street Facilities,10 - Personnel Services,,23083406,,,,,,,,,,
100029,Hillsborough,541.00 - Road And Street Facilities,30 - Operating Expenditures/Expenses,18725,26673383,,,,,,,,,,
100029,Hillsborough,541.00 - Road And Street Facilities,60 - Capital Outlay,,45798486,,,,,,,,,,
100029,Hillsborough,541.00 - Road And Street Facilities,80 - Grants And Aids,,6458155,,,,,,,,,,
100029,Hillsborough,544.00 - Mass Transit Systems,30 - Operating Expenditures/Expenses,,-39,,,,,,,,,,
100029,Hillsborough,544.00 - Mass Transit Systems,80 - Grants And Aids,151681,,,,,,,,,,,
100029,Hillsborough,545.00 - Parking Facilities,30 - Operating Expenditures/Expenses,5603,,,,,,,,,,,
100029,Hillsborough,549.00 - Other Transportation Systems/Services,30 - Operating Expenditures/Expenses,,259,,,,,,,,,,
100029,Hillsborough,549.00 - Other Transportation Systems/Services,60 - Capital Outlay,,503208,,,,,,,,,,
100029,Hillsborough,551.00 - Employment Opportunity And Development,80 - Grants And Aids,83852,,,,,,,,,,,
100029,Hillsborough,552.00 - Industry Development,10 - Personnel Services,1840974,240519,,,,,,,,,,
100029,Hillsborough,552.00 - Industry Development,30 - Operating Expenditures/Expenses,692224,89980,,,,,,,,,,
100029,Hillsborough,552.00 - Industry Development,60 - Capital Outlay,41586,,,,,,,,,,,
100029,Hillsborough,552.00 - Industry Development,80 - Grants And Aids,10893335,15547458,,6060582,,,,,,,,
100029,Hillsborough,553.00 - Veteran's Services,10 - Personnel Services,320914,133314,,,,,,,,,,
100029,Hillsborough,553.00 - Veteran's Services,30 - Operating Expenditures/Expenses,23295,26769,,,,,,,,,,
100029,Hillsborough,553.00 - Veteran's Services,80 - Grants And Aids,14127,6869,,,,,,,,,,
100029,Hillsborough,554.00 - Housing And Urban Development,10 - Personnel Services,414814,1490169,,,,,,,,,,
100029,Hillsborough,554.00 - Housing And Urban Development,30 - Operating Expenditures/Expenses,246043,181332,,,,,,,,,,
100029,Hillsborough,554.00 - Housing And Urban Development,60 - Capital Outlay,,2564401,,,,,,,,,,
100029,Hillsborough,554.00 - Housing And Urban Development,80 - Grants And Aids,49730,9482784,,,,,,,,,,
100029,Hillsborough,559.00 - Other Economic Environment,10 - Personnel Services,129304,,,,,,,,,,,
100029,Hillsborough,559.00 - Other Economic Environment,30 - Operating Expenditures/Expenses,114470,,,,,,,,,,,
100029,Hillsborough,559.00 - Other Economic Environment,80 - Grants And Aids,2212967,,,,,,,,,,,836029
100029,Hillsborough,561.00 - Hospital Services,30 - Operating Expenditures/Expenses,38,,,,,,,,,,,
100029,Hillsborough,562.00 - Health Services,10 - Personnel Services,6322444,3688474,,,,,,,,,,
100029,Hillsborough,562.00 - Health Services,30 - Operating Expenditures/Expenses,3438557,7417419,,,,,,,,,,
100029,Hillsborough,562.00 - Health Services,60 - Capital Outlay,105548,132491,,,,,,,,,,
100029,Hillsborough,562.00 - Health Services,80 - Grants And Aids,392850,80666687,,,,,,,,,,
100029,Hillsborough,563.00 - Mental Health Services,30 - Operating Expenditures/Expenses,,-74,,,,,,,,,,
100029,Hillsborough,563.00 - Mental Health Services,80 - Grants And Aids,83472,2611924,,,,,,,,,,
100029,Hillsborough,564.00 - Public Assistance Services,10 - Personnel Services,828592,499208,,,,,,,,,,
100029,Hillsborough,564.00 - Public Assistance Services,30 - Operating Expenditures/Expenses,222922,4908,,,,,,,,,,
100029,Hillsborough,564.00 - Public Assistance Services,60 - Capital Outlay,15290,,,,,,,,,,,
100029,Hillsborough,564.00 - Public Assistance Services,80 - Grants And Aids,132045,4145370,,,,,,,,,,
100029,Hillsborough,569.00 - Other Human Services,10 - Personnel Services,12596571,19310465,,,,,,,,,,
100029,Hillsborough,569.00 - Other Human Services,30 - Operating Expenditures/Expenses,6883142,25890149,,,,,,,,,,
100029,Hillsborough,569.00 - Other Human Services,60 - Capital Outlay,46584,12160,,80636,,,,,,,,
100029,Hillsborough,569.00 - Other Human Services,80 - Grants And Aids,5672718,12076499,,,,,,,,,,
100029,Hillsborough,571.00 - Libraries,10 - Personnel Services,,16781079,,,,,,,,,,
100029,Hillsborough,571.00 - Libraries,30 - Operating Expenditures/Expenses,48509,16130075,,,,,,,,,,
100029,Hillsborough,571.00 - Libraries,60 - Capital Outlay,,8529479,,,,,,,,,,
100029,Hillsborough,571.00 - Libraries,80 - Grants And Aids,,356373,,,,,,,,,,
100029,Hillsborough,572.00 - Parks And Recreation,10 - Personnel Services,16087238,87761,,,,,,,,,,
100029,Hillsborough,572.00 - Parks And Recreation,30 - Operating Expenditures/Expenses,15433238,2492088,,257300,,,,,,,,
100029,Hillsborough,572.00 - Parks And Recreation,60 - Capital Outlay,99490,5658355,,2117290,,,,,,,,
100029,Hillsborough,572.00 - Parks And Recreation,80 - Grants And Aids,279315,-318,,1136057,,,,,,,,
100029,Hillsborough,573.00 - Cultural Services,30 - Operating Expenditures/Expenses,193694,,,,,,,,,,,
100029,Hillsborough,573.00 - Cultural Services,60 - Capital Outlay,,,,1304,,,,,,,,
100029,Hillsborough,575.00 - Special Recreation Facilities,30 - Operating Expenditures/Expenses,164,,,,,,,,,,,
100029,Hillsborough,575.00 - Special Recreation Facilities,80 - Grants And Aids,915125,,,,,,,,,,,
100029,Hillsborough,579.00 - Other Culture/Recreation,30 - Operating Expenditures/Expenses,37,,,,,,,,,,,
100029,Hillsborough,579.00 - Other Culture/Recreation,60 - Capital Outlay,,3144461,,56046,,,,,,,,
100029,Hillsborough,579.00 - Other Culture/Recreation,80 - Grants And Aids,1454723,,,1931081,,,,,,,,
100029,Hillsborough,581.00 - Interfund Group Transfers Out,90 - Other Uses,513777407,235790898,154065,10289761,,,6647391,,,,,
100029,Hillsborough,587.00 - Clerk Of Court Excess Remittance,30 - Operating Expenditures/Expenses,,2258267,,,,,,,,,,
100029,Hillsborough,590.00 - Proprietary - Other Non-Operating Disbursements,90 - Other Uses,,,,,,,525,,,,,
100029,Hillsborough,601.00 - Court Administration,10 - Personnel Services,1057777,,,,,,,,,,,
100029,Hillsborough,601.00 - Court Administration,30 - Operating Expenditures/Expenses,41930,,,,,,,,,,,
100029,Hillsborough,601.00 - Court Administration,60 - Capital Outlay,,39348,,,,,,,,,,
100029,Hillsborough,602.00 - State Attorney Administration,30 - Operating Expenditures/Expenses,275389,470213,,,,,,,,,,
100029,Hillsborough,602.00 - State Attorney Administration,60 - Capital Outlay,,293792,,,,,,,,,,
100029,Hillsborough,603.00 - Public Defender Administration,30 - Operating Expenditures/Expenses,108982,539918,,,,,,,,,,
100029,Hillsborough,603.00 - Public Defender Administration,60 - Capital Outlay,,59857,,458371,,,,,,,,
100029,Hillsborough,603.00 - Public Defender Administration,80 - Grants And Aids,,561739,,,,,,,,,,
100029,Hillsborough,604.00 - Clerk Of Court Administration,10 - Personnel Services,,4917899,,,,,,,,,,
100029,Hillsborough,604.00 - Clerk Of Court Administration,30 - Operating Expenditures/Expenses,,352416,,,,,,,,,,
100029,Hillsborough,608.00 - Jury Management,10 - Personnel Services,,212004,,,,,,,,,,
100029,Hillsborough,608.00 - Jury Management,30 - Operating Expenditures/Expenses,175751,404993,,,,,,,,,,
100029,Hillsborough,609.00 - Pre-Filing Alternative Dispute Resolution Programs,10 - Personnel Services,,174576,,,,,,,,,,
100029,Hillsborough,609.00 - Pre-Filing Alternative Dispute Resolution Programs,30 - Operating Expenditures/Expenses,,38328,,,,,,,,,,
100029,Hillsborough,614.00 - Clerk Of Court - Circuit Criminal,10 - Personnel Services,,4457032,,,,,,,,,,
100029,Hillsborough,614.00 - Clerk Of Court - Circuit Criminal,30 - Operating Expenditures/Expenses,,169680,,,,,,,,,,
100029,Hillsborough,615.00 - Court Reporter Services - Circuit Criminal,30 - Operating Expenditures/Expenses,,159,,,,,,,,,,
100029,Hillsborough,622.00 - Drug Court - Circuit Criminal,10 - Personnel Services,,407233,,,,,,,,,,
100029,Hillsborough,622.00 - Drug Court - Circuit Criminal,30 - Operating Expenditures/Expenses,,589004,,,,,,,,,,
100029,Hillsborough,622.00 - Drug Court - Circuit Criminal,80 - Grants And Aids,,1496,,,,,,,,,,
100029,Hillsborough,624.00 - Community Service Programs- Circuit Criminal,10 - Personnel Services,,136472,,,,,,,,,,
100029,Hillsborough,624.00 - Community Service Programs- Circuit Criminal,30 - Operating Expenditures/Expenses,,323804,,,,,,,,,,
100029,Hillsborough,624.00 - Community Service Programs- Circuit Criminal,80 - Grants And Aids,16667,,,,,,,,,,,
100029,Hillsborough,634.00 - Clerk Of Court Administration - Circuit Civil,10 - Personnel Services,,2583967,,,,,,,,,,
100029,Hillsborough,634.00 - Clerk Of Court Administration - Circuit Civil,30 - Operating Expenditures/Expenses,,444318,,,,,,,,,,
100029,Hillsborough,654.00 - Clerk Of Court Administration- Circuit Family,10 - Personnel Services,,1286007,,,,,,,,,,
100029,Hillsborough,654.00 - Clerk Of Court Administration- Circuit Family,30 - Operating Expenditures/Expenses,,79437,,,,,,,,,,
100029,Hillsborough,661.00 - Masters/Hearing Officers - Circuit Family,30 - Operating Expenditures/Expenses,6070,,,,,,,,,,,
100029,Hillsborough,667.00 - Court-Based Victim Services,10 - Personnel Services,1835322,,,,,,,,,,,
100029,Hillsborough,667.00 - Court-Based Victim Services,30 - Operating Expenditures/Expenses,35173,9095,,,,,,,,,,
100029,Hillsborough,669.00 - Other Family Court Programs,10 - Personnel Services,,352146,,,,,,,,,,
100029,Hillsborough,669.00 - Other Family Court Programs,30 - Operating Expenditures/Expenses,,8435,,,,,,,,,,
100029,Hillsborough,674.00 - Clerk Of Court Administration - Circuit Juvenile,10 - Personnel Services,,1801391,,,,,,,,,,
100029,Hillsborough,674.00 - Clerk Of Court Administration - Circuit Juvenile,30 - Operating Expenditures/Expenses,,47221,,,,,,,,,,
100029,Hillsborough,682.00 - Alternative Dispute Resolution - Circuit Juvenile,10 - Personnel Services,,483467,,,,,,,,,,
100029,Hillsborough,682.00 - Alternative Dispute Resolution - Circuit Juvenile,30 - Operating Expenditures/Expenses,,24361,,,,,,,,,,
100029,Hillsborough,685.00 - Guardian Ad Litem - Circuit Juvenile,10 - Personnel Services,157358,,,,,,,,,,,
100029,Hillsborough,685.00 - Guardian Ad Litem - Circuit Juvenile,30 - Operating Expenditures/Expenses,55981,,,,,,,,,,,
100029,Hillsborough,694.00 - Clerk Of Court Adminstration - Probate,10 - Personnel Services,,1161358,,,,,,,,,,
100029,Hillsborough,694.00 - Clerk Of Court Adminstration - Probate,30 - Operating Expenditures/Expenses,,23974,,,,,,,,,,
100029,Hillsborough,711.00 - Courthouse Security,10 - Personnel Services,13649618,,,,,,,,,,,
100029,Hillsborough,711.00 - Courthouse Security,30 - Operating Expenditures/Expenses,287071,,,,,,,,,,,
100029,Hillsborough,711.00 - Courthouse Security,60 - Capital Outlay,1863,,,,,,,,,,,
100029,Hillsborough,712.00 - Courthouse Facilities,10 - Personnel Services,513665,,,,,,,,,,,
100029,Hillsborough,712.00 - Courthouse Facilities,30 - Operating Expenditures/Expenses,2427895,97277,,,,,,,,,,
100029,Hillsborough,712.00 - Courthouse Facilities,60 - Capital Outlay,113591,,,2960301,,,,,,,,
100029,Hillsborough,713.00 - Information Systems,10 - Personnel Services,3220049,292394,,,,,,,,,,
100029,Hillsborough,713.00 - Information Systems,30 - Operating Expenditures/Expenses,3140621,4370062,,,,,,,,,,
100029,Hillsborough,713.00 - Information Systems,60 - Capital Outlay,1311874,3883769,,,,,,,,,,
100029,Hillsborough,714.00 - Public Law Library,10 - Personnel Services,,298830,,,,,,,,,,
100029,Hillsborough,714.00 - Public Law Library,30 - Operating Expenditures/Expenses,121,25984,,,,,,,,,,
100029,Hillsborough,714.00 - Public Law Library,60 - Capital Outlay,,48167,,,,,,,,,,
100029,Hillsborough,715.00 - Legal Aid,80 - Grants And Aids,,1099904,,,,,,,,,,
100029,Hillsborough,716.00 - Clerk Of Court Related Technology,10 - Personnel Services,,965959,,,,,,,,,,
100029,Hillsborough,716.00 - Clerk Of Court Related Technology,30 - Operating Expenditures/Expenses,,677887,,,,,,,,,,
100029,Hillsborough,716.00 - Clerk Of Court Related Technology,60 - Capital Outlay,,371496,,,,,,,,,,
100029,Hillsborough,721.00 - Court Administration - County Criminal,30 - Operating Expenditures/Expenses,208,,,,,,,,,,,
100029,Hillsborough,724.00 - Clerk Of Court Administration - County Criminal,10 - Personnel Services,,2335206,,,,,,,,,,
100029,Hillsborough,724.00 - Clerk Of Court Administration - County Criminal,30 - Operating Expenditures/Expenses,,71138,,,,,,,,,,
100029,Hillsborough,732.00 - Community Service Programs - County Criminal,10 - Personnel Services,980,,,,,,,,,,,
100029,Hillsborough,732.00 - Community Service Programs - County Criminal,30 - Operating Expenditures/Expenses,,46440,,,,,,,,,,
100029,Hillsborough,744.00 - Clerk Of Court Administration - County Civil,10 - Personnel Services,,1983410,,,,,,,,,,
100029,Hillsborough,744.00 - Clerk Of Court Administration - County Civil,30 - Operating Expenditures/Expenses,,29251,,,,,,,,,,
100029,Hillsborough,764.00 - Clerk Of Court Administration - Traffic,10 - Personnel Services,,5335671,,,,,,,,,,
100029,Hillsborough,764.00 - Clerk Of Court Administration - Traffic,30 - Operating Expenditures/Expenses,,232303,,,,,,,,,,
100029,Hillsborough,765.00 - Traffic Court Hearing Officer,30 - Operating Expenditures/Expenses,1080,,,,,,,,,,,
