Code,Name,Account,Dwelling Type,Fee Type,General,Special Revenue,Debt Service,Capital Projects,Permanent ,Enterprise  ,Internal Service,Custodial,Pension,Trust,Private Purpose ,Component Units
100052,Pinellas,311.000 - Ad Valorem Taxes, , ,556829594,133914389,,,,,,5519216114,,,,2258717
100052,Pinellas,312.130 - Tourist Development Taxes, , ,,98096192,,,,,,,,,,
100052,Pinellas,312.300 - County Ninth-Cent Voted Fuel Tax, , ,,4007992,,,,,,,,,,
100052,Pinellas,312.410 - (1 To 6 Cents Local Option Fuel Tax), , ,,13447465,,,,,,,,,,
100052,Pinellas,312.620 - Charter County Transportation System, , ,,,,136117707,,,,,,,,
100052,Pinellas,315.100 - State Communications Services Tax, , ,8258527,,,,,,,,,,,
100052,Pinellas,322.000 - Building Permits (Building Permit Fees), , ,,8195220,,,,,,,,,,
100052,Pinellas,324.310 - Impact Fees - Residential - Transportation,02 Residential Buildings,01 Flat Fees,,,,9564,,,,,,,,
100052,Pinellas,324.310 - Impact Fees - Residential - Transportation,02 Residential Buildings,03 Tiered Scale Based on Square Footage,,,,305536,,,,,,,,
100052,Pinellas,324.310 - Impact Fees - Residential - Transportation,02 Residential Buildings,09 Other,,,,539000,,,,,,,,
100052,Pinellas,324.320 - Impact Fees - Commercial - Transportation,01 Office Buildings,03 Tiered Scale Based on Square Footage,,,,121441,,,,,,,,
100052,Pinellas,324.320 - Impact Fees - Commercial - Transportation,03 Retail Buildings,03 Tiered Scale Based on Square Footage,,,,204321,,,,,,,,
100052,Pinellas,324.320 - Impact Fees - Commercial - Transportation,03 Retail Buildings,09 Other,,,,0,,,,,,,,
100052,Pinellas,324.320 - Impact Fees - Commercial - Transportation,04 Hospitality Buildings,02 Tiered Scale Based on Number of Bedrooms,,,,199010,,,,,,,,
100052,Pinellas,324.320 - Impact Fees - Commercial - Transportation,04 Hospitality Buildings,03 Tiered Scale Based on Square Footage,,,,49434,,,,,,,,
100052,Pinellas,324.320 - Impact Fees - Commercial - Transportation,04 Hospitality Buildings,09 Other,,,,70833,,,,,,,,
100052,Pinellas,324.320 - Impact Fees - Commercial - Transportation,05 Institutional Civic Buildings,03 Tiered Scale Based on Square Footage,,,,15164,,,,,,,,
100052,Pinellas,324.320 - Impact Fees - Commercial - Transportation,05 Institutional Civic Buildings,09 Other,,,,41450,,,,,,,,
100052,Pinellas,324.320 - Impact Fees - Commercial - Transportation,06 Gathering Buildings,03 Tiered Scale Based on Square Footage,,,,0,,,,,,,,
100052,Pinellas,324.320 - Impact Fees - Commercial - Transportation,07 Religious Buildings,03 Tiered Scale Based on Square Footage,,,,937,,,,,,,,
100052,Pinellas,324.320 - Impact Fees - Commercial - Transportation,08 Educational Buildings,09 Other,,,,5503,,,,,,,,
100052,Pinellas,324.320 - Impact Fees - Commercial - Transportation,09 Industrial Buildings,03 Tiered Scale Based on Square Footage,,,,165304,,,,,,,,
100052,Pinellas,324.320 - Impact Fees - Commercial - Transportation,10 Agricultural Buildings,03 Tiered Scale Based on Square Footage,,,,0,,,,,,,,
100052,Pinellas,324.320 - Impact Fees - Commercial - Transportation,11 Transportation Buildings,09 Other,,,,0,,,,,,,,
100052,Pinellas,324.320 - Impact Fees - Commercial - Transportation,12 Recreational Buildings,03 Tiered Scale Based on Square Footage,,,,59273,,,,,,,,
100052,Pinellas,324.320 - Impact Fees - Commercial - Transportation,12 Recreational Buildings,09 Other,,,,0,,,,,,,,
100052,Pinellas,324.320 - Impact Fees - Commercial - Transportation,13 Multi-Purpose,03 Tiered Scale Based on Square Footage,,,,94053,,,,,,,,
100052,Pinellas,324.320 - Impact Fees - Commercial - Transportation,19 Other,09 Other,,,,13560,,,,,,,,
100052,Pinellas,325.200 - Special Assessments - Charges For Public Services, , ,,22234558,,,,,,,,,,
100052,Pinellas,329.100 - Inspection Fee, , ,,23558,,,,,,,,,,
100052,Pinellas,329.400 - Vessel Registration Fee, , ,321926,,,,,,,,,,,
100052,Pinellas,"329.500 - Other Permits, Fees And Special Assessments", , ,1112672,125567,,,,,,,,,,
100052,Pinellas,331.200 - Federal Grant - Public Safety, , ,14315991,,,,,,,,,,,
100052,Pinellas,331.390 - Federal Grant - Other Physical Environment, , ,761559,43231,,140923,,1511116,,,,,,
100052,Pinellas,331.490 - Federal Grant - Other Transportation, , ,,,,2777434,,,,,,,,
100052,Pinellas,331.500 - Federal Grant - Economic Environment, , ,7015045,3635209,,6414912,,272121,,,,,,4569442
100052,Pinellas,331.510 - Federal Grant ARPA Funds, , ,-13478,18347556,,,,5703644,,,,,,
100052,Pinellas,331.620 - Federal Grant - Public Assistance, , ,2677216,2266393,,,,,,,,,,
100052,Pinellas,331.650 - Federal Grant - Child Support Reimbursement, , ,1536384,,,,,,,,,,,
100052,Pinellas,331.690 - Federal Grant - Other Human Services, , ,1507272,195653,,320038,,,,,,,,
100052,Pinellas,331.700 - Federal Grant - Culture/Recreation, , ,2700,,,13756,,,,,,,,
100052,Pinellas,332.100 - Other Financial Assistance - State Source, , ,,292942,,1404647,,,,,,,,
100052,Pinellas,334.200 - State Grant - Public Safety, , ,737954,461743,,,,,,,,,,
100052,Pinellas,334.490 - State Grant - Other Transportation, , ,,,,111299,,,,,,,,
100052,Pinellas,334.500 - State Grant - Economic Environment, , ,,4106863,,,,,,,,,,
100052,Pinellas,334.700 - State Grant - Culture/Recreation, , ,61954,,,1500000,,,,,,,,
100052,Pinellas,334.820 - Article V Clerk Of Court Trust Fund, , ,,5601909,,,,,,,,,,
100052,Pinellas,334.900 - State Grant - Other, , ,30104,,,376973,,4200,,,,,,
100052,Pinellas,335.121 - County Revenue Sharing Program - Proceeds, , ,28326786,,,,,,,,,,,
100052,Pinellas,335.130 - State Revenue Sharing - Insurance License Tax (AKA Insurance Agents County Licenses), , ,330452,,,,,,,,,,,
100052,Pinellas,335.140 - State Revenue Sharing - Mobile Home Licenses, , ,85225,,,,,,,,,,,
100052,Pinellas,335.150 - State Revenue Sharing - Alcoholic Beverage Licenses, , ,538776,,,,,,,,,,,
100052,Pinellas,335.160 - State Revenue Sharing - Distribution Of Sales And Use Taxes To Counties (Formerly: Pari-Mutual Tax Distribution), , ,378361,,,,,,,,,,,
100052,Pinellas,335.180 - State Revenue Sharing - Local Government Half-Cent Sales Tax Program, , ,62283152,,,,,,,,,,,
100052,Pinellas,335.210 - State Revenue Sharing - Firefighter Supplemental Compensation, , ,,,,,,2640,,,,,,
100052,Pinellas,335.220 - State Revenue Sharing - Enhanced 911 Fee (Previously: Wireless 911 Board Distributions), , ,,5460403,,,,,,,,,,
100052,Pinellas,335.380 - State Revenue Sharing - Other Physical Environment, , ,,1186841,,,,,,,,,,
100052,Pinellas,335.450 - State Revenue Sharing - Fuel Tax Refunds And Credits, , ,,10747981,,,,,,,,,,
100052,Pinellas,337.300 - Local Government Unit Grant - Physical Environment, , ,168001,505516,,355042,,35513,,,,,,
100052,Pinellas,337.500 - Local Government Unit Grant - Economic Environment, , ,,,,,,,,,,,,582226
100052,Pinellas,337.600 - Local Government Unit Grant - Human Services, , ,698983,,,,,,,,,,,
100052,Pinellas,338.000 - Shared Revenue From Other Local Units, , ,773031,,,,,,,,,,,
100052,Pinellas,341.100 - Service Charge - Recording Fees, , ,3369572,1413352,,,,,,,,,,
100052,Pinellas,341.150 - Public Records Modernization Trust Fund, , ,,483470,,,,,,,,,,
100052,Pinellas,341.160 - County Portion ($2) Of $4 Additional Service Charge, , ,1487716,,,,,,,,,,,
100052,Pinellas,341.200 - Internal Service Fund Fees And Charges, , ,,,,,,,203875205,,,,,
100052,Pinellas,341.510 - Fees Remitted To County From Tax Collector, , ,,350171,,,,,,,,,,
100052,Pinellas,341.520 - Fees Remitted To County From Sheriff, , ,5209567,,,,,,,,,,,
100052,Pinellas,341.560 - Fees Remitted To County From Property Appraiser, , ,,19129,,,,,,,,,,
100052,Pinellas,341.800 - County Officer Commission And Fees, , ,14491080,,,,,,,,,,,
100052,Pinellas,341.900 - Other General Government Charges And Fees, , ,3567064,41559,,,,,,428589770,,,,
100052,Pinellas,342.100 - Service Charge - Law Enforcement Services, , ,38206269,,,,,,,8378532,,,,
100052,Pinellas,342.400 - Service Charge - Emergency Management Service Fees/Charges, , ,12384,,,,,,,,,,,
100052,Pinellas,342.600 - Service Charge - Ambulance Fees, , ,,78407866,,,,,,,,,,
100052,Pinellas,342.900 - Service Charge - Other Public Safety Charges And Fees, , ,991063,,,,,,,,,,,
100052,Pinellas,343.300 - Service Charge - Water Utility, , ,248688,,,,,98798322,,,,,,
100052,Pinellas,343.400 - Service Charge - Garbage/Solid Waste, , ,,,,,,138719738,,,,,,
100052,Pinellas,343.500 - Service Charge - Sewer/Wastewater Utility, , ,15508,,,,,115154152,,,,,,
100052,Pinellas,343.700 - Service Charge - Conservation And Resource Management, , ,149030,397419,,,,,,,,,,
100052,Pinellas,343.900 - Service Charge - Other Physical Environment Charges, , ,847049,,,,,,,,,,,
100052,Pinellas,344.100 - Service Charge - Airports, , ,,,,,,13686518,,,,,,
100052,Pinellas,345.900 - Service Charge - Other Economic Environment Charges, , ,2465,,,,,,,,,,,
100052,Pinellas,346.300 - Service Charge - Clinic Fees, , ,492694,,,,,,,,,,,
100052,Pinellas,346.400 - Service Charge - Animal Control And Shelter Fees, , ,3648471,,,,,,,,,,,
100052,Pinellas,347.200 - Service Charge - Parks And Recreation, , ,7109900,,,,,,,,,,,
100052,Pinellas,347.300 - Service Charge - Cultural Services, , ,1600,,,,,,,,,,,
100052,Pinellas,348.110 - County Court Criminal - Filing Fees, , ,,57360,,,,,,,,,,
100052,Pinellas,348.120 - County Court Criminal - Service Charges, , ,,78148,,,,,,,,,,
100052,Pinellas,348.130 - County Court Criminal - Court Costs, , ,,179624,,,,,,,,,,
100052,Pinellas,348.220 - Circuit Court Criminal - Service Charges, , ,,116132,,,,,,,,,,
100052,Pinellas,348.230 - Circuit Court Criminal - Court Costs, , ,,616643,,,,,,,,,,
100052,Pinellas,348.310 - County Court Civil - Filing Fees, , ,,4060227,,,,,,,,,,
100052,Pinellas,348.320 - County Court Civil - Service Charges, , ,,2719,,,,,,,,,,
100052,Pinellas,348.410 - Circuit Court Civil - Filing Fees, , ,,3418205,,,,,,,,,,
100052,Pinellas,348.420 - Circuit Court Civil - Service Charges, , ,112589,813283,,,,,,43657423,,,,
100052,Pinellas,348.480 - Circuit Court Civil - Fees And Service Charges, , ,,131074,,,,,,,,,,
100052,Pinellas,348.520 - Traffic Court - Service Charges, , ,,717291,,,,,,,,,,
100052,Pinellas,348.530 - Traffic Court - Court Costs, , ,,2287459,,,,,,,,,,
100052,Pinellas,348.610 - Juvenile Court - Filing Fees, , ,,260,,,,,,,,,,
100052,Pinellas,348.620 - Juvenile Court - Service Charges, , ,,214,,,,,,,,,,
100052,Pinellas,348.710 - Probate Court - Filing Fees, , ,,1011050,,,,,,,,,,
100052,Pinellas,348.720 - Probate Court - Service Charges, , ,,163585,,,,,,,,,,
100052,Pinellas,348.921 - Court Innovations/Local Requirements, , ,216224,,,,,,,,,,,
100052,Pinellas,348.922 - Legal Aid, , ,216274,,,,,,,,,,,
100052,Pinellas,348.923 - Law Library, , ,216309,,,,,,,,,,,
100052,Pinellas,348.924 - Juvenile Alternative Programs, , ,216241,,,,,,,,,,,
100052,Pinellas,348.933 - Animal Control Surcharge, , ,1024,,,,,,,,,,,
100052,Pinellas,348.990 - Other Court Collections Transferred To BOCC, , ,2917313,36734,,,,,,,,,,
100052,Pinellas,349.000 - Other Charges For Services, , ,759,,,,,,10430967,,,,,3659175
100052,Pinellas,351.100 - Judgments And Fines - As Decided By County Court Criminal, , ,68535,570340,,,,,,,,,,
100052,Pinellas,351.200 - Judgments And Fines - As Decided By Circuit Court Criminal, , ,23227,97480,,,,,,,,,,
100052,Pinellas,351.500 - Judgments And Fines - As Decided By Traffic Court, , ,150633,3335516,,,,,,,,,,
100052,Pinellas,351.600 - Judgments And Fines - As Decided By Juvenile Court, , ,,137,,,,,,,,,,
100052,Pinellas,351.700 - Intergovernmental Radio Communication Program, , ,,584309,,,,,,,,,,
100052,Pinellas,351.800 - 10% Of Fines To Public Records Modernization Fund, , ,,998305,,,,,,,,,,
100052,Pinellas,354.000 - Fines - Local Ordinance Violation, , ,772058,1357327,,,,,,,,,,
100052,Pinellas,358.200 - Sale Of Contraband Property Seized By Law Enforcement Include Proceeds From Assets Seized By Law Enforcement Agencies, , ,815916,,,,,,,,,,,
100052,Pinellas,"359.000 - Other Judgments, Fines And Forfeits", , ,,65405,,,,,,,,,,
100052,Pinellas,361.100 - Interest, , ,21328933,14978711,,10096064,,23124434,6221673,,,,,559187
100052,Pinellas,361.300 - Net Increase (Decrease) In Fair Value Of Investments, , ,1871055,1773042,,1476983,,3148752,830880,,,,,
100052,Pinellas,362.000 - Rents And Royalties, , ,2702783,384533,,,,9226776,,,,,,
100052,Pinellas,364.000 - Disposition Of Fixed Assets, , ,235306,863,,4950,,-9692435,806580,,,,,
100052,Pinellas,365.000 - Sale Of Surplus Materials And Scrap, , ,63020,16687,,,,69233,57792,,,,,
100052,Pinellas,366.000 - Contributions And Donations From Private Sources, , ,153458,89628,,,,,,,,,,
100052,Pinellas,367.000 - Licenses, , ,44500,706420,,,,,,179532504,,,,
100052,Pinellas,369.300 - Settlements, , ,6669341,14585836,,313282,,1773909,,,,,,
100052,Pinellas,369.900 - Other Miscellaneous Revenues, , ,28413313,27446069,,702491,,8865761,800026,41823588,,,,
100052,Pinellas,381.000 - Inter-Fund Group Transfers In, , ,5469007,39234020,,12651450,,,10270766,,,,,
100052,Pinellas,383.100 - Lease Proceeds, , ,222731,,,,,,,,,,,
100052,Pinellas,389.400 - Proprietary - Other Grants And Donations, , ,,,,,,167579,89048,,,,,
100052,Pinellas,389.500 - Proprietary - Capital Contributions From Federal Government, , ,,,,,,104706,,,,,,
100052,Pinellas,389.600 - Proprietary - Capital Contributions From State Government, , ,,,,,,1332093,,,,,,
100052,Pinellas,389.700 - Proprietary - Capital Contributions From Other Public Source, , ,,,,,,6913019,,,,,,
100052,Pinellas,389.800 - Proprietary - Capital Contributions From Private Source, , ,,,,,,1279342,24734,,,,,
